Date,Transaction,Name,Memo,Amount
2/3/2020,DEBIT,COSTCO WHSE #0143 MOUNTAIN,24431060033898000051715; 05300;,-68.28
2/3/2020,DEBIT,SQ *BOBA GUYS PALO ALT Palo Alto,24692160032100871595158; 05812;,-11.75
2/3/2020,DEBIT,GROCERY OUTLET OF P PALO ALTO,24427330033740255072173; 05411;,-6
2/3/2020,CREDIT,PAYMENT THANK YOU,WEB FUTURE; 00000;,200
2/3/2020,CREDIT,INTERNET PAYMENT THANK YOU,INTERNET; 00000;,200
1/29/2020,DEBIT,LIANGS VILLAGE CUPERTINO,24801970029091925000508; 05812;,-45
1/28/2020,DEBIT,76 - SEI 37997 PALO ALTO,24015170027003561965390; 05542;,0
1/27/2020,DEBIT,SHOWPLACE ICON MTNVW 312-756-3,24445000025500446149695; 07832;,-30
1/27/2020,DEBIT,COSTCO WHSE #0143 MOUNTAIN,24431060026898000087015; 05300;,-26.96
1/27/2020,DEBIT,CKE*IKE'S LOVE AND SAN MOUNTAIN,24445000026000609639722; 05812;,-13.35
1/27/2020,DEBIT,99 RANCH #1772 MOUNTAIN,24427330025740256919711; 05411;,-26.4
1/27/2020,DEBIT,SQ *BOBA GUYS PALO ALT Palo Alto,24692160026100469881398; 05812;,-11
1/27/2020,DEBIT,SQ *BOBA GUYS PALO ALT Palo Alto,24692160026100929108564; 05812;,-10.25
1/27/2020,DEBIT,SHC ONLINE PAYMENT 800-54937,24755420024160242186022; 08062;,-133.83
1/27/2020,DEBIT,SWEETGREEN SUNNYVALE SUNNYVALE,24692160024100433288623; 05814;,-14.12
1/27/2020,CREDIT,INTERNET PAYMENT THANK YOU,INTERNET; 00000;,300
1/24/2020,DEBIT,TM *LOUIS THE CHILD 800-653-8,24692160023100862956733; 07922;,-65.35
1/24/2020,DEBIT,AMZN Mktp US*KR6A57KS3 Amzn.com/,24692160024100311353275; 05942;,-21.75
1/23/2020,DEBIT,SPROUTS FARMERS MAR MOUNTAIN,24427330022710028160525; 05411;,-5.66
1/22/2020,DEBIT,IN N OUT BURGER 129 MOUNTAIN,24013390021002708518734; 05814;,-14.06
1/22/2020,DEBIT,GROCERY OUTLET OF P PALO ALTO,24427330021740253794236; 05411;,-12.96
1/22/2020,CREDIT,INTERNET PAYMENT THANK YOU,INTERNET; 00000;,500
1/21/2020,DEBIT,PHO HOA NOODLE SOUP - SANTA CLA,24269790019000800431448; 05812;,-15.03
1/21/2020,DEBIT,SQ *CREPES BISTRO SANTA CLA,24492150018854333325684; 05812;,-17.43
1/21/2020,DEBIT,76 - SEI 37997 PALO ALTO,24015170018002320865025; 05542;,-35.67
1/21/2020,DEBIT,TM *JAI WOLF 800-653-8,24692160018100890990149; 07922;,-64.7
1/21/2020,DEBIT,LYFT *RIDE FRI 6PM lyft.com,24055230019400969012861; 04121;,-23.85
1/21/2020,DEBIT,LULULEMON ON STANFORD PALO ALTO,24692160020100649618401; 05691;,-74.12
1/21/2020,CREDIT,INTERNET PAYMENT THANK YOU,INTERNET; 00000;,200
1/21/2020,CREDIT,INTERNET PAYMENT THANK YOU,INTERNET; 00000;,500
1/17/2020,DEBIT,SWEETGREEN SUNNYVALE SUNNYVALE,24692160016100398208293; 05814;,-14.12
1/17/2020,CREDIT,INTERNET PAYMENT THANK YOU,INTERNET; 00000;,100
1/16/2020,DEBIT,INTEREST CHARGE ON PURCHASES,1; 00000;,-21.82
1/15/2020,DEBIT,CHIPOTLE 0801 MOUNTAIN V,24431060015400238002255; 05814;,-17.33
1/14/2020,DEBIT,GROCERY OUTLET OF P PALO ALTO,24427330013740253238556; 05411;,-7.77
1/14/2020,DEBIT,GROCERY OUTLET OF P PALO ALTO,24427330013740253240420; 05411;,-3.98
1/13/2020,DEBIT,NOLA PALO ALTO,24493980011400314760683; 05812;,-64.68
1/13/2020,DEBIT,SHOWPLACE ICON MTNVW 312-756-3,24445000011500441100913; 07832;,-30
1/13/2020,DEBIT,Ticketstoday*EDC Vegas 800-594-8,24692160011100392788949; 07922;,-479.9
1/13/2020,DEBIT,PIZZA MY HEART - UNIVE PALO ALTO,24269790011500746498698; 05812;,-5.45
1/13/2020,DEBIT,SQ *BOBA GUYS PALO ALT Palo Alto,24692160011100112574587; 05812;,-12
1/13/2020,DEBIT,SQ *SALT & STRAW Palo Alto,24692160011100230361370; 05812;,-5.25
1/10/2020,DEBIT,SHC ONLINE PAYMENT 800-54937,24755420009150098329619; 08062;,-25
1/9/2020,DEBIT,76 - SEI 37997 PALO ALTO,24015170008000900792496; 05542;,-30.22
1/7/2020,DEBIT,SPROUTS FARMERS MAR MOUNTAIN V,24427330006710007242732; 05411;,-21.07
1/7/2020,DEBIT,UDEMY ONLINE COURSES HTTPSWWW.U,24492150007637326943420; 08299;,-9.99
1/6/2020,DEBIT,CHIPOTLE 0801 MOUNTAIN V,24431060005400238000327; 05814;,-17.33
1/6/2020,DEBIT,THE HALFORD. SANTA CLA,24765010005400116000176; 05812;,-40
1/6/2020,DEBIT,TARGET 00003228 MOUNTAIN V,24164070004091017276205; 05310;,-3.48
1/6/2020,DEBIT,SHOWPLACE ICON MTNVW 312-756-3,24445000005500350301260; 07832;,-39
1/6/2020,DEBIT,GROCERY OUTLET OF P PALO ALTO,24427330005740249970882; 05411;,-9.29
1/6/2020,DEBIT,VONS CHICKEN SUNNYVALE SUNNYVALE,24428060004001545399364; 05812;,-45
1/6/2020,CREDIT,PAYMENT THANK YOU,INTERNET; 00000;,100
1/3/2020,DEBIT,32534 - CITYVIEW PLAZA SAN JOSE,24299100002000185079130; 07523;,-12.25
1/3/2020,CREDIT,PAYMENT THANK YOU,INTERNET; 00000;,200
12/31/2019,DEBIT,CALIFORNIA CRAFT BEER FREMONT,24223699364030025898625; 05813;,-28.5
12/31/2019,DEBIT,SQ *IKES PLACE #7 L SAN LEAND,24492159364854314331421; 05499;,-13.08
12/30/2019,DEBIT,SHELL OIL 57444213904 MOUNTAIN V,24316059362548711039623; 05542;,-22.96
12/30/2019,DEBIT,EUREKA! MOUNTAIN VIEW MOUNTAIN V,24055239362200988401663; 05812;,-21
12/30/2019,DEBIT,Amazon.com*A99GZ6HK3 Amzn.com/b,24692169362100672300924; 05942;,-507.31
12/30/2019,DEBIT,TST* STEINS BEER GARDE MOUNTAIN,24137469362100193257022; 05812;,-31.12
12/30/2019,DEBIT,88 BAO BAO DUBLIN,24765019364091069000358; 05812;,-11.97
12/30/2019,DEBIT,SHIHLIN PLEASANTON PLEASANTO,24431069363091368000612; 05814;,-15.82
12/27/2019,DEBIT,UDEMY ONLINE COURSES HTTPSWWW.U,24492159360637721142000; 08299;,-11.99
12/27/2019,DEBIT,CKE*LA FORET SAN JOSE SAN JOSE,24445009360500065921535; 05812;,-440.69
12/26/2019,DEBIT,SAFEWAY #2948 MOUNTAIN V,24431069358975012030933; 05411;,-12.77
12/26/2019,CREDIT,PAYMENT THANK YOU,INTERNET; 00000;,100
12/24/2019,DEBIT,SHC ONLINE PAYMENT 800-54937,24755429357153571130032; 08062;,-133.83
12/23/2019,DEBIT,CMR_1 SANTA??CLA,24275399354900017078830; 05812;,-11.94
12/23/2019,DEBIT,EPC*EPIC GAMES STORE 919-854-0,24692169355100596663778; 05816;,-14.99
12/23/2019,CREDIT,PAYMENT THANK YOU,INTERNET; 00000;,100
12/20/2019,CREDIT,PAYMENT THANK YOU,INTERNET; 00000;,100
12/17/2019,DEBIT,PHO TRAN VU MOUNTAIN V,24327439350840801203473; 05812;,-20
12/17/2019,DEBIT,TM *EXCISION 800-653-8,24692169350100252326210; 07922;,-75.85
12/17/2019,DEBIT,INTEREST CHARGE ON PURCHASES,1; 00000;,-9.94
12/16/2019,DEBIT,WALGREENS #3344 PALO ALTO,24445009349000795067887; 05912;,-40.31
12/16/2019,DEBIT,LYFT *RIDE SAT 1PM lyft.com,24055239349400964408686; 04121;,-19.55
12/16/2019,DEBIT,CHABAA THAI CUSINE SAN FRANCI,24755429349643492850370; 05812;,-60
12/16/2019,DEBIT,76 - SEI 37997 PALO ALTO,24015179349002028756899; 05542;,-38.66
12/12/2019,DEBIT,UBER EATS HELP.UBER.,24492159346713705107902; 05812;,-19.42
12/10/2019,DEBIT,SPROUTS FARMERS MAR MOUNTAIN V,24427339343710007969956; 05411;,-6.06
12/10/2019,DEBIT,SAFEWAY #2948 MOUNTAIN V,24431069343975011880872; 05411;,-13.4
12/9/2019,DEBIT,CMR_1 SANTA??CLA,24275399342900015854146; 05812;,-11.94
12/9/2019,DEBIT,KUNJIP SANTA CLA,24122479342900010200316; 05812;,-82.65
12/9/2019,DEBIT,GROCERY OUTLET OF P PALO ALTO,24427339342740254469526; 05411;,-5.76
12/9/2019,DEBIT,IN N OUT BURGER 129 MOUNTAIN V,24013399342001073029106; 05814;,-7.96
12/9/2019,CREDIT,PAYMENT THANK YOU,INTERNET; 00000;,200
12/5/2019,DEBIT,STEAMGAMES.COM 4259522 425-88996,24204299339000527625853; 05816;,-39.99
12/3/2019,DEBIT,UDEMY ONLINE COURSES HTTPSWWW.U,24492159336637351266195; 08299;,-19.98
12/3/2019,CREDIT,PAYMENT THANK YOU,INTERNET; 00000;,200
12/3/2019,CREDIT,PAYMENT THANK YOU,INTERNET; 00000;,200
12/2/2019,DEBIT,ROSE & CROWN PUB PALO ALTO,24269799335600381069489; 05812;,-30
12/2/2019,DEBIT,ROSE & CROWN PUB PALO ALTO,24269799335600381069554; 05812;,-32
12/2/2019,DEBIT,PIZZA MY HEART - UNIVE PALO ALTO,24269799335600381069638; 05812;,-10.9
12/2/2019,DEBIT,PIAZZA'S FINE FOODS PALO ALTO,24427339335740245702109; 05411;,-6.99
12/2/2019,DEBIT,IN N OUT BURGER 129 MOUNTAIN V,24013399335000089317561; 05814;,-5.18
12/2/2019,DEBIT,GOOGLE *Google Play g.co/helpp,24692169336100336339170; 05818;,-17.2
12/2/2019,DEBIT,H MART - DE ANZA SAN JOSE,24231689334837000067994; 05411;,-111.51
12/2/2019,DEBIT,76 - SEI 37997 PALO ALTO,24015179333004018953567; 05542;,-27.27
11/26/2019,DEBIT,SQ *FALAFEL STOP SUNNYVALE,24492159329740274422884; 05812;,-13.1
11/26/2019,DEBIT,TST* TACOLICIOUS - PAL PALO ALTO,24137469329100187143446; 05812;,-62.17
11/25/2019,DEBIT,VALERO OF SARATOGA SAN JOSE,24427339327120001848026; 05542;,-20.09
11/25/2019,DEBIT,GROCERY OUTLET OF P PALO ALTO,24427339327740258960628; 05411;,-10.58
11/25/2019,DEBIT,SQ *SHAKE SHACK PALO ALTO,24492159327740334329790; 05812;,-18.72
11/25/2019,DEBIT,GROCERY OUTLET OF P PALO ALTO,24427339328740255497813; 05411;,-1.58
11/25/2019,DEBIT,GameStop 817-422-2,24445009329600063702521; 07993;,-44.99
11/25/2019,CREDIT,PAYMENT THANK YOU,INTERNET; 00000;,200
11/22/2019,DEBIT,STARBUCKS STORE 09224 SAN FRANCI,24692169325100513180556; 05814;,-3.45
11/22/2019,DEBIT,LYFT *RIDE WED 2PM lyft.com,24055239325400961915442; 04121;,-13.94
11/21/2019,DEBIT,PIAZZA'S FINE FOODS PALO ALTO,24427339324740253774043; 05411;,-6.99
11/21/2019,DEBIT,LYFT *RIDE WED 8AM lyft.com,24055239324400960394996; 04121;,-14.46
11/20/2019,CREDIT,PAYMENT THANK YOU,INTERNET; 00000;,200
11/19/2019,DEBIT,CHIPOTLE 0801 MOUNTAIN V,24431069323400233002647; 05814;,-17.11
11/19/2019,DEBIT,LYFT *RIDE SUN 6AM lyft.com,24055239322400968611963; 04121;,-27.26
11/19/2019,DEBIT,INTEREST CHARGE ON PURCHASES,1; 00000;,-12.27
11/18/2019,DEBIT,CVS/PHARMACY #02396 LOS ANGEL,24137469321001209848368; 05912;,-24.29
11/18/2019,DEBIT,LYFT *RIDE FRI 10PM lyft.com,24055239320400966948906; 04121;,-24.83
11/18/2019,DEBIT,CHIPOTLE 0801 MOUNTAIN V,24431069320400230002049; 05814;,-8.56
11/18/2019,CREDIT,PAYMENT THANK YOU,INTERNET; 00000;,200
11/14/2019,DEBIT,SAFEWAY #2948 MOUNTAIN V,24431069317975011621864; 05411;,-17.35
11/14/2019,DEBIT,76 - SEI 37997 PALO ALTO,24015179317001778818899; 05542;,-21.25
11/12/2019,DEBIT,TACOS EL GORDO LAS VEGAS,24744559315560001362101; 05812;,-63
11/12/2019,DEBIT,CHICA LAS VEGAS,24428069314100558688881; 05812;,-108.43
11/12/2019,DEBIT,IN N OUT BURGER 129 MOUNTAIN V,24013399312001149988620; 05814;,-16.4
11/4/2019,DEBIT,CKE*IKE'S LOVE AND SAN MOUNTAIN,24445009307000649240615; 05812;,-13.35
11/4/2019,DEBIT,TST* OLD PRO PALO ALTO,24137469306100172503403; 05812;,-185.86
11/4/2019,DEBIT,GOOGLE *Google Play g.co/helpp,24692169306100865643956; 07829;,-19.41
11/4/2019,DEBIT,WALGREENS #3344 PALO ALTO,24445009308000611514376; 05912;,-13.07
11/4/2019,DEBIT,GOOGLE *Play g.co/helpp,24692169305100402839753; 05818;,-5.54
11/4/2019,DEBIT,76 - SEI 37997 PALO ALTO,24015179305000033870160; 05542;,-24.74
10/29/2019,DEBIT,AMZN Mktp US*ED9YD3PG3 Amzn.com/,24692169301100876137043; 05942;,-23.41
10/28/2019,DEBIT,TSUJITA LA ARTISAN NOO LOS ANGEL,24269799299500821669894; 05814;,-76
10/28/2019,DEBIT,CVS/PHARMACY #02396 LOS ANGEL,24137469301001061461866; 05912;,-15.87
10/28/2019,DEBIT,LYFT *RIDE FRI 11AM lyft.com,24055239299400964337299; 04121;,-28.97
10/28/2019,DEBIT,SQ *HONEYBIRD Los Angel,24692169298100101764616; 05812;,-18.89
10/28/2019,CREDIT,PAYMENT THANK YOU,INTERNET; 00000;,200
10/25/2019,DEBIT,COUNTER MOUNTAIN VIEW MOUNTAIN V,24765019297200232040231; 05812;,-27
10/24/2019,DEBIT,SHC ONLINE PAYMENT 800-54937,24755429296162960970944; 08062;,-132.46
10/24/2019,DEBIT,UDEMY ONLINE COURSES HTTPSWWW.U,24492159296637102752558; 08299;,-23.98
10/22/2019,DEBIT,LYFT *RIDE SUN 1AM lyft.com,24055239294400960404999; 04121;,-35.5
10/22/2019,DEBIT,GOOGLE *Google Play g.co/helpp,24692169295100814335806; 05818;,-15
10/21/2019,DEBIT,DIDDAMS MOUNTAIN V,24622759293500944272214; 05945;,-11.97
10/21/2019,DEBIT,UDEMY ONLINE COURSES HTTPSWWW.U,24492159293637946436437; 08299;,-19.99
10/21/2019,DEBIT,76 - SEI 37997 PALO ALTO,24015179291002458906012; 05542;,-20.88
10/21/2019,CREDIT,PAYMENT THANK YOU,INTERNET; 00000;,150
10/21/2019,CREDIT,PAYMENT THANK YOU,WEB FUTURE; 00000;,200
10/21/2019,CREDIT,PAYMENT THANK YOU,WEB FUTURE; 00000;,200
10/17/2019,DEBIT,INTEREST CHARGE ON PURCHASES,1; 00000;,-8
10/16/2019,DEBIT,SQ *TEASPOON MOUNTAIN V,24492159288740320988770; 05812;,-5.25
10/16/2019,DEBIT,PHO TO CHAU 999 INC MOUNTAIN V,24377359289000002753421; 05812;,-28
10/16/2019,CREDIT,PAYMENT THANK YOU,INTERNET; 00000;,100
10/15/2019,DEBIT,0447 AMC MERCADO 20 SANTA CLA,24431069288018049634354; 07832;,-13.19
10/15/2019,DEBIT,UBER TRIP HELP.UBER.,24492159285713377079788; 04121;,-13.57
10/15/2019,DEBIT,UBER TRIP HELP.UBER.,24492159285719395289085; 04121;,-14.4
10/15/2019,DEBIT,76 - SEI 37997 PALO ALTO,24015179285001636008236; 05542;,-16.8
10/15/2019,DEBIT,CAULDRON ICE CREAM - S SAN JOSE,24269799286100343716409; 05814;,-6.54
10/9/2019,DEBIT,TICKETSATWORK.COM 800-331-6,24692169281100590154914; 07922;,-199.31
10/9/2019,CREDIT,PAYMENT THANK YOU,INTERNET; 00000;,200
10/8/2019,DEBIT,ALASKA AI0272142923375 SEATTLE,24431069280036429233751; 03256; MAN/ALEX; 10/25/2019 SAN JOSE TO LOS ANGELES LOS ANGELES TO SAN JOSE,-154.59
10/8/2019,DEBIT,SHELL OIL 57444213904 MOUNTAIN V,24316059280548655016669; 05542;,-22.69
10/7/2019,DEBIT,CKE*IKE'S LOVE AND SAN MOUNTAIN,24445009280000605424386; 05812;,-13.35
10/4/2019,CREDIT,PAYMENT THANK YOU,INTERNET; 00000;,100
10/2/2019,DEBIT,SHELL OIL 57444213508 SANTA CLA,24316059274548717017539; 05542;,-13.33
10/1/2019,CREDIT,PAYMENT THANK YOU,WEB FUTURE; 00000;,100
9/30/2019,DEBIT,CKE*IKE'S LOVE AND SAN MOUNTAIN,24445009272000633604082; 05812;,-13.35
9/30/2019,DEBIT,CNK*CINEMARK.COM 399 800-246-3,24692169271100890732767; 07832;,-67.8
9/30/2019,DEBIT,PHO TRAN VU MOUNTAIN V,24327439272365202839431; 05812;,-35
9/30/2019,DEBIT,SQ *ZAREEN'S RESTAU PALO ALTO,24492159272740277791399; 05814;,-13.49
9/30/2019,DEBIT,76 - SEI 37997 PALO ALTO,24015179270003536931134; 05542;,-24.74
9/30/2019,CREDIT,PAYMENT THANK YOU,INTERNET; 00000;,100
9/26/2019,DEBIT,SQ *TEASPOON SNOW C LOS ALTOS,24492159269740297073641; 05814;,-5
9/23/2019,DEBIT,ATI PHYSICAL THERAP 630-296-2,24492159266693845802164; 08099;,-76.33
9/23/2019,DEBIT,IN N OUT BURGER 129 MOUNTAIN V,24013399265002953131403; 05814;,-10.9
9/23/2019,DEBIT,76 - SEI 37997 PALO ALTO,24015179263002585913927; 05542;,-28.27
9/23/2019,CREDIT,PAYMENT THANK YOU,INTERNET; 00000;,200
9/23/2019,CREDIT,PAYMENT THANK YOU,INTERNET; 00000;,200
9/20/2019,DEBIT,SHC ONLINE PAYMENT 800-54937,24755429262162623382016; 08062;,-100
9/20/2019,DEBIT,WALGREENS #3344 PALO ALTO,24445009263000653901898; 05912;,-23.41
9/20/2019,DEBIT,PIAZZA'S FINE FOODS PALO ALTO,24427339262740254655666; 05411;,-19.98
9/20/2019,DEBIT,GROCERY OUTLET OF P PALO ALTO,24427339262740259684356; 05411;,-16.97
9/19/2019,DEBIT,CHIPOTLE 0801 MOUNTAIN V,24431069261200288403615; 05814;,-17.11
9/19/2019,CREDIT,PAYMENT THANK YOU,WEB FUTURE; 00000;,200
9/16/2019,DEBIT,PALO ALTO CREAMERY PALO ALTO,24327439258279003813834; 05812;,-63
9/16/2019,DEBIT,LA VICTORIA NO 2 SAN JOSE,24428069258100615219017; 05814;,-10.32
9/16/2019,DEBIT,UBER TRIP HELP.UBER.,24492159258717596944154; 04121;,-25.61
9/16/2019,DEBIT,SQ *BOBA GUYS PALO ALT Palo Alto,24692169258100302271831; 05812;,-12
9/16/2019,DEBIT,TEMPLE BAR & LOUNGE SAN JOSE,24692169258100142268591; 05812;,-30
9/16/2019,DEBIT,DRI*2k Store 952-90840,24906419256079483058691; 05734;,-59.99
9/13/2019,CREDIT,PAYMENT THANK YOU,INTERNET; 00000;,100
9/12/2019,DEBIT,GROCERY OUTLET OF P PALO ALTO,24427339254740256995375; 05411;,-1.49
9/12/2019,DEBIT,99 RANCH #1772 MOUNTAIN V,24427339254740259444934; 05411;,-11.67
9/11/2019,DEBIT,SOUTHWES 5262118459522 800-435-9,24692169253100172397349; 03066; MAN/ALEX; 11/08/2019 SAN JOSE TO BURBANK,-58.98
9/11/2019,DEBIT,SOUTHWES 5262118459751 800-435-9,24692169253100172397356; 03066; MAN/ALEX; 11/10/2019 LAS VEGAS TO SAN JOSE,-254.98
9/10/2019,DEBIT,SAFEWAY #2948 MOUNTAIN V,24431069252975010971226; 05411;,-19.42
9/10/2019,DEBIT,SHC ONLINE PAYMENT PALO ALTO,24755429252732526037255; 08062;,-200
9/9/2019,DEBIT,SHC ONLINE PAYMENT PALO ALTO,24755429250172500361094; 08062;,-200
9/9/2019,DEBIT,IN N OUT BURGER 129 MOUNTAIN V,24013399250000905107742; 05814;,-11.94
9/9/2019,DEBIT,GROCERY OUTLET OF P PALO ALTO,24427339251740253795045; 05411;,-8.74
9/9/2019,CREDIT,PAYMENT THANK YOU,INTERNET; 00000;,100
9/6/2019,DEBIT,SHC ONLINE PAYMENT PALO ALTO,24755429248162483874119; 08062;,-100
9/6/2019,CREDIT,PAYMENT THANK YOU,INTERNET; 00000;,100
9/4/2019,CREDIT,PAYMENT THANK YOU,WEB FUTURE; 00000;,200
9/4/2019,CREDIT,PAYMENT THANK YOU,INTERNET; 00000;,200
9/3/2019,DEBIT,PURE NIGHTCLUB SV WWW.PURENI,24492159245637417277038; 07922;,-16.79
9/3/2019,DEBIT,IN N OUT BURGER 119 LOS ANGEL,24013399243004271114423; 05814;,-9.2
9/3/2019,DEBIT,LYFT *RIDE SAT 10AM lyft.com,24055239244400960679682; 04121;,-6.08
9/3/2019,DEBIT,CHEVRON 0093100 LOS ANGEL,24692169243100692253546; 05541;,-2.89
8/30/2019,DEBIT,76 - SEI 37997 PALO ALTO,24015179241003966231662; 05542;,-30.85
8/26/2019,DEBIT,SAFEWAY #2948 MOUNTAIN V,24431069237975010820316; 05411;,-26.28
8/26/2019,DEBIT,SHC ONLINE PAYMENT PALO ALTO,24755429237152376045359; 08062;,-72.04
8/26/2019,DEBIT,SHC ONLINE PAYMENT PALO ALTO,24755429237152376047009; 08062;,-70.3
8/26/2019,DEBIT,POPEYES 12188 SANTA CLA,24231689236400000103647; 05814;,-8.72
8/26/2019,CREDIT,PAYMENT THANK YOU,WEB FUTURE; 00000;,100
8/22/2019,CREDIT,PAYMENT THANK YOU,INTERNET; 00000;,150
8/20/2019,DEBIT,TEA ERA CAFE 408-99698,24100859231900019230911; 05812;,-9.72
8/19/2019,DEBIT,76 - SEI 37997 PALO ALTO,24015179229002356539441; 05542;,-20.5
8/19/2019,DEBIT,NOLA PALO ALTO,24493989229400154171438; 05812;,-39
8/19/2019,DEBIT,IN N OUT BURGER 129 MOUNTAIN V,24013399230002513044304; 05814;,-11.77
8/19/2019,DEBIT,TST* TAISHOKEN RAMEN SAN MATEO,24137469228100172609270; 05812;,-57
8/14/2019,CREDIT,PAYMENT THANK YOU,WEB FUTURE; 00000;,100
8/13/2019,DEBIT,SHC ONLINE PAYMENT PALO ALTO,24755429224732249544582; 08062;,-100
8/13/2019,DEBIT,TM *TICKETMASTER TICKT 415-421-8,24692169224100231482203; 07922;,-53.65
8/12/2019,DEBIT,SHELL OIL 10008285008 SAN JOSE,24316059222548248020237; 05542;,-35.57
8/12/2019,DEBIT,TST* WEDOS TACOS MONTEREY,24137469223600167254045; 05812;,-10.88
8/12/2019,DEBIT,TZONE MONTEREY,24493989223400027000893; 05814;,-4.25
8/12/2019,DEBIT,SWEETHONEY DESSERT MILPITAS,24688089221030020474088; 05812;,-24
8/12/2019,CREDIT,PAYMENT THANK YOU,WEB FUTURE; 00000;,200
8/8/2019,DEBIT,CVS/PHARMACY #09984 PALO ALTO,24137469220001198929254; 05912;,-11.76
8/8/2019,CREDIT,PAYMENT THANK YOU,INTERNET; 00000;,200
8/6/2019,DEBIT,TEA TOP SANTA CLARA SANTA CLA,24091629217017035371151; 05499;,-5.4
8/6/2019,DEBIT,CHIPOTLE 0801 MOUNTAIN V,24431069217200288400095; 05814;,-8.56
8/6/2019,DEBIT,SHC ONLINE PAYMENT PALO ALTO,24755429217152171155274; 08062;,-163.53
8/5/2019,DEBIT,BASKIN #360098 Q35 PALO ALTO,24431069216838000604162; 05814;,-3.79
8/1/2019,DEBIT,SOUTHWES 5262103826384 800-435-9,24692169212100981906058; 03066; MAN/ALEX; 11/15/2019 SAN JOSE TO LOS ANGELES LOS ANGELES TO SAN JOSE,-171.96
8/1/2019,DEBIT,AXS.COM*LOS ANGELES 888-929-7,24692169212100056680299; 07922;,-45.22
7/30/2019,DEBIT,SHELL OIL 57444212906 SANTA CLA,24316059210548685037680; 05542;,-29.49
7/30/2019,DEBIT,SAFEWAY #2948 MOUNTAIN V,24431069210975010550666; 05411;,-27.44
7/30/2019,CREDIT,PAYMENT THANK YOU,INTERNET; 00000;,200
7/29/2019,DEBIT,LYFT *RIDE FRI 11PM lyft.com,24055239209400964471741; 04121;,-13.87
7/29/2019,DEBIT,TST* ZZAMONG CHINESE C LOS ANGEL,24137469208200197285405; 05812;,-39
7/29/2019,DEBIT,IN N OUT BURGER 174 GLENDALE,24013399209003722100116; 05814;,-8.88
7/29/2019,DEBIT,CVS/PHARMACY #09787 GLENDALE,24137469210001062247447; 05912;,-3.7
7/29/2019,DEBIT,UBER TRIP HELP.UBER.,24492159209713488877537; 04121;,-40.16
7/25/2019,CREDIT,PAYMENT THANK YOU,INTERNET; 00000;,100
7/22/2019,DEBIT,IN N OUT BURGER 129 MOUNTAIN V,24013399202002765970267; 05814;,-12.48
7/22/2019,DEBIT,IN N OUT BURGER 129 MOUNTAIN V,24013399200002486197648; 05814;,-10.9
7/22/2019,DEBIT,UZUMAKIYA CUPERTINO,24269799201000966877102; 05812;,-67.04
7/22/2019,DEBIT,85C BAKERY CAFE USA SAN JOSE,24231689200400108003246; 05814;,-17.89
7/18/2019,DEBIT,CHIPOTLE 0801 MOUNTAIN V,24431069198200288403597; 05814;,-8.56
7/17/2019,DEBIT,SPROUTS FARMERS MAR MOUNTAIN V,24427339197710030130771; 05411; 0715;,-24.51
7/17/2019,DEBIT,76 - SEI 37997 PALO ALTO,24015179197002054148824; 05542; 0715;,-44.65
7/15/2019,DEBIT,CVS/PHARMACY #09984 PALO ALTO,24137469195001095312365; 05912; 0715;,-20.7
7/15/2019,DEBIT,RAMEN NAGI PALO ALTO,24342859195017056586402; 05812; 0715;,-38
7/15/2019,DEBIT,HAPPY LEMON CUPERTINO,24013399195001755769456; 05812; 0715;,-9.75
7/15/2019,DEBIT,SQ *BOBA GUYS PALO ALT Palo Alto,24692169195100511285263; 05812; 0715;,-12
7/15/2019,DEBIT,MCDONALD'S F1528 MOUNTAIN V,24427339195710053205775; 05814; 0715;,-36.94
7/15/2019,DEBIT,AMZN Mktp US*MH8NW2D01 Amzn.com/,24692169193100066466252; 05942; 0715;,-38.17
7/12/2019,DEBIT,WALGREENS #3344 PALO ALTO,24445009193000661624396; 05912; 0715;,-13.07
7/9/2019,CREDIT,PAYMENT THANK YOU,INTERNET; 00000; 0715;,200
7/8/2019,DEBIT,MEN OH RAMEN SANTA CLA,24428069188001124976565; 05814; 0715;,-14.06
7/8/2019,DEBIT,GROCERY OUTLET OF P PALO ALTO,24427339187740253576196; 05411; 0715;,-6.87
7/8/2019,DEBIT,SAFEWAY #2948 MOUNTAIN V,24431069188975010403393; 05411; 0715;,-32.77
7/8/2019,DEBIT,76 - SEI 37997 PALO ALTO,24015179186000631508166; 05542; 0715;,-27.3
7/8/2019,CREDIT,PAYMENT THANK YOU,INTERNET; 00000; 0715;,300
7/5/2019,DEBIT,SQ *AROMA CONCESSIONS SAN JOSE,24692169185100472900027; 05814; 0715;,-16
7/5/2019,DEBIT,IN N OUT BURGER 129 MOUNTAIN V,24013399185000500502248; 05814; 0715;,-10.9
7/5/2019,CREDIT,PAYMENT THANK YOU,INTERNET; 00000; 0715;,300
7/3/2019,DEBIT,SHELL OIL 57444212906 SANTA CLA,24316059183548736000821; 05542; 0715;,-25.85
7/3/2019,DEBIT,WALGREENS #3344 PALO ALTO,24445009184000619339338; 05912; 0715;,-0.17
7/2/2019,DEBIT,CKE*IKE S LAIR CUPER 2 CUPERTINO,24445009183000619325056; 05812; 0715;,-12.77
7/2/2019,DEBIT,SILICON VALLEY OPTOMET CUPERTINO,24755429182271820749062; 08042; 0715;,-340
7/2/2019,DEBIT,FGTAUDIOTISTIC 512-389-0,24492159183715876352155; 07922; 0715;,-195.94
7/2/2019,CREDIT,PAYMENT THANK YOU,INTERNET; 00000; 0715;,400
7/1/2019,DEBIT,SAFEWAY #2948 MOUNTAIN V,24431069181975010261889; 05411; 0715;,-3.47
7/1/2019,CREDIT,PAYMENT THANK YOU,INTERNET; 00000; 0715;,200
6/27/2019,DEBIT,UNIQLO ECOMMERCE 972-881-2,24435659177026376486023; 05651; 0715;,-4.45
6/27/2019,DEBIT,UNIQLO ECOMMERCE 972881290,24435659177026376486015; 05651; 0715;,-87.87
6/26/2019,DEBIT,SOUTHWES 5262491316464 800-435-9,24692169176100615099464; 03066; 0715;,-185.96
6/26/2019,DEBIT,SeatGeek_Tickets 188-85064,24204299176000912064946; 07922; 0715;,-175.35
6/26/2019,CREDIT,PAYMENT THANK YOU,INTERNET; 00000; 0715;,200
6/25/2019,DEBIT,SPROUTS FARMERS MAR MOUNTAIN V,24427339175710009001256; 05411; 0715;,-13.28
6/25/2019,DEBIT,SAFEWAY #2948 MOUNTAIN V,24431069175975010200133; 05411; 0715;,-7.97
6/25/2019,DEBIT,SAFEWAY #2948 MOUNTAIN V,24431069175975010201453; 05411; 0715;,-15.43
6/24/2019,DEBIT,UBER TRIP HELP.UBER.,24492159173719295811884; 04121; 0715;,-14.58
6/24/2019,DEBIT,PALO ALTO GAS & SMOG PALO ALTO,24801979175839000325130; 05542; 0715;,-26.52
6/24/2019,DEBIT,SQ *ZAREEN'S RESTAU PALO ALTO,24492159173855387594523; 05814; 0715;,-62.67
6/24/2019,DEBIT,AMZN MKTP US*M69WK6SZ0 AMZN.COM/,24431069173083330629453; 05942; 0715;,-49.9
6/24/2019,CREDIT,PAYMENT THANK YOU,WEB FUTURE; 00000; 0715;,200
6/21/2019,DEBIT,MCDONALDS F16328 MOUNTAIN V,24427339171710050908130; 05814; 0715;,-14.45
6/18/2019,DEBIT,PORTOS BAKERY GLENDALE,24761979168207588700073; 05814; 0715;,-10.42
6/18/2019,DEBIT,PORTOS BAKERY GLENDALE,24761979168207588700776; 05814; 0715;,-4.63
6/18/2019,DEBIT,LYFT *RIDE SUN 12AM LYFT.COM,24492159168637606362867; 04121; 0715;,-15.45
6/18/2019,CREDIT,PAYMENT THANK YOU,WEB FUTURE; 00000; 0715;,200
6/18/2019,DEBIT,INTEREST CHARGE ON PURCHASES,1; 00000; 0715;,-10.52
6/17/2019,DEBIT,CHIPOTLE 2500 GLENDALE,24431069167206188000158; 05814; 0715;,-7.99
6/17/2019,DEBIT,COUNTER MOUNTAIN VIEW MOUNTAIN V,24765019165200131918593; 05812; 0715;,-94.29
6/17/2019,DEBIT,MIDTOWN HAIR STUDIO CO PALO ALTO,24270749165900016600600; 07230; 0715;,-21
6/17/2019,DEBIT,76 - SEI 37997 PALO ALTO,24015179165001843968516; 05542; 0715;,-20.2
6/17/2019,CREDIT,PAYMENT THANK YOU,INTERNET; 00000; 0715;,200
6/14/2019,DEBIT,SOUTHWES 5262486710355 800-435-9,24692169164100466195118; 03066; 0715;,-67.01
6/13/2019,DEBIT,AMAZON.COM*M65P48EX0 A AMZN.COM/,24431069163083745039787; 05942; 0715;,-12.04
6/12/2019,DEBIT,PIAZZA'S FINE FOODS PALO ALTO,24427339162740252964939; 05411; 0715;,-8.99
6/10/2019,DEBIT,99 RANCH #1779 CUPERTINO,24427339159740261225640; 05411; 0715;,-10.8
6/10/2019,DEBIT,H MART DE ANZA LLC SAN JOSE,24137469160500826120733; 05411; 0715;,-144.8
6/10/2019,DEBIT,SQ *BOBA GUYS PALO ALT Palo Alto,24692169160100198532145; 05812; 0715;,-10
6/10/2019,DEBIT,76 - SEI 37997 PALO ALTO,24015179158000934150868; 05542; 0715;,-24.37
6/10/2019,CREDIT,PAYMENT THANK YOU,INTERNET; 00000; 0715;,200
6/4/2019,DEBIT,CALTRAIN 1017 CALIFO A PALO ALTO,24431069154073000050570; 04111; 0715;,-16.5
6/3/2019,DEBIT,LYFT *RIDE SAT 10AM LYFT.COM,24492159152637827575782; 04121; 0715;,-9.82
6/3/2019,DEBIT,LYFT *RIDE SAT 10AM LYFT.COM,24492159152637824722452; 04121; 0715;,-10.11
6/3/2019,DEBIT,SQ *PHILZ COFFEE San Franci,24692169152100351230057; 05812; 0715;,-3.73
6/3/2019,DEBIT,IGUANAS SANTA CLARA SANTA CLA,24013399153000209440813; 05812; 0715;,-13.35
6/3/2019,DEBIT,SAFEWAY #2948 MOUNTAIN V,24431069153975019972175; 05411; 0715;,-11.97
6/3/2019,DEBIT,GROCERY OUTLET OF P PALO ALTO,24427339153740256106116; 05411; 0715;,-4.57
6/3/2019,DEBIT,SHELL OIL 57444212906 SANTA CLA,24316059151548727053175; 05542; 0715;,-27.52
5/29/2019,DEBIT,FANTASIA CUPERTINO,24122479148900013200418; 05814; 0715;,-15.45
5/29/2019,DEBIT,SQ *SALT & STRAW Palo Alto,24692169149100271728947; 05812; 0715;,-5.5
5/28/2019,DEBIT,IN N OUT BURGER 174 GLENDALE,24013399147003662849602; 05814; 0715;,-23.92
5/20/2019,DEBIT,CHIPOTLE 0801 MOUNTAIN V,24431069138200288401974; 05814; 0715;,-8.56
5/20/2019,DEBIT,WALGREENS #3344 PALO ALTO,24445009138000745272764; 05912; 0715;,-3.26
5/20/2019,DEBIT,TARGET 00023077 GLENDALE,24164079138091016746125; 05310; 0715;,-5.92
5/20/2019,DEBIT,UMAMI BURGER PALO ALTO PALO ALTO,24801669137030026169355; 05812; 0715;,-72
5/20/2019,DEBIT,76 - SEI 37997 PALO ALTO,24015179137002299218898; 05542; 0715;,-20.62
5/17/2019,DEBIT,CMR_1 SANTA??CLA,24275399136900016111579; 05812; 0715;,-23.87
5/17/2019,DEBIT,GROCERY OUTLET OF P PALO ALTO,24427339136720032555861; 05411; 0715;,-16.66
5/16/2019,DEBIT,CHIPOTLE 0801 MOUNTAIN V,24431069135200288402413; 05814; 0715;,-17.11
5/15/2019,DEBIT,AMAZON.COM*MN9EK3T80 A AMZN.COM/,24431069134083304920126; 05942; 0715;,-21.79
5/15/2019,CREDIT,PAYMENT THANK YOU,INTERNET; 00000; 0715;,200
5/14/2019,DEBIT,COUNTER MOUNTAIN VIEW MOUNTAIN V,24765019133200121835426; 05812; 0715;,-26
5/14/2019,DEBIT,COSTCO WHSE #0143 MOUNTAIN V,24431069134898002312270; 05300; 0715;,-7.61
5/14/2019,DEBIT,AMAZON.COM*MN71O9JO0 A AMZN.COM/,24431069133083724042197; 05942; 0715;,-16.35
5/13/2019,DEBIT,ASOS US SALES LLC WWW.ASOS.,24013089132050564227563; 05691; 0715;,-43.59
5/13/2019,DEBIT,CAFE FALAFEL SANTA CLA,24431069131400699000186; 05812; 0715;,-15.21
5/13/2019,DEBIT,SAFEWAY #2948 MOUNTAIN V,24431069132975019760402; 05411; 0715;,-11.58
5/13/2019,DEBIT,MILK PAIL MARKET MOUNTAIN V,24428069132500834083643; 05411; 0715;,-6.74
5/13/2019,DEBIT,SQ *BOBA GUYS PALO ALT Palo Alto,24692169132100920602344; 05812; 0715;,-8.55
5/13/2019,DEBIT,AMAZON.COM*MN9SS6N22 A AMZN.COM/,24431069132083708535134; 05942; 0715;,-12.04
5/7/2019,DEBIT,CTS CHARTERS 310-645-9,24603169126027016833531; 04722; 0715;,-110
5/7/2019,DEBIT,76 - SEI 37997 PALO ALTO,24015179126000819713680; 05542; 0715;,-41.24
5/6/2019,DEBIT,IN N OUT BURGER 129 MOUNTAIN V,24013399125000699328705; 05814; 0715;,-10.41
5/6/2019,DEBIT,DRI*DIGITALEXTREMES https://di,24430999126400686102108; 04816; 0715;,-59.99
5/6/2019,CREDIT,PAYMENT THANK YOU,INTERNET; 00000; 0715;,200
5/1/2019,DEBIT,PIAZZA'S FINE FOODS PALO ALTO,24427339120720017546214; 05411; 0715;,-9.99
4/30/2019,DEBIT,PIZZA MY HEART - SAN C SAN JOSE,24269799119500663819274; 05812; 0715;,-5.47
4/30/2019,DEBIT,SHOWPLACE ICON MTNVW 312-756-3,24445009119500366346949; 07832; 0715;,-29
4/30/2019,DEBIT,76 - SEI 37997 PALO ALTO,24015179119003910891859; 05542; 0715;,-20.33
4/29/2019,DEBIT,76 - SEI 37997 PALO ALTO,24015179117003676906539; 05542; 0715;,-26.48
4/29/2019,DEBIT,IGUANAS SANTA CLARA SANTA CLA,24013399118003775554896; 05812; 0715;,-13.35
4/29/2019,DEBIT,CSJ CONVNTION CTR GARA 800524818,24493989119091380004924; 07523; 0715;,-5
4/29/2019,CREDIT,PAYMENT THANK YOU,INTERNET; 00000; 0715;,200
4/26/2019,DEBIT,AMZN MKTP US*MZ3KS4GZ2 AMZN.COM/,24431069115083705089813; 05942; 0715;,-13.95
4/25/2019,DEBIT,PIAZZA'S FINE FOODS PALO ALTO,24427339114720018193022; 05411; 0715;,-9.99
4/25/2019,DEBIT,AXS.COM*LOS ANGELES 888-929-7,24692169114100929401658; 07922; 0715;,-56.47
4/23/2019,DEBIT,SOUTHWES 5262467158181 800-435-9,24692169112100868579649; 03066; 0715;,-60.01
4/23/2019,DEBIT,THE TECH MUSEUM WEB 408-79562,24275399112900013087358; 08299; 0715;,-34
4/23/2019,DEBIT,THE TECH MUSEUM WEB 408-79562,24275399112900013082623; 08299; 0715;,-34
4/22/2019,DEBIT,IN N OUT BURGER 129 MOUNTAIN V,24013399111002875190442; 05814; 0715;,-10.41
4/22/2019,DEBIT,76 - SEI 37997 PALO ALTO,24015179111002870654107; 05542; 0715;,-27.85
4/22/2019,DEBIT,SQ *SOMISOMI Cupertino,24692169110100467823374; 05499; 0715;,-5.95
4/22/2019,CREDIT,PAYMENT THANK YOU,WEB FUTURE; 00000; 0715;,200
4/22/2019,CREDIT,PAYMENT THANK YOU,INTERNET; 00000; 0715;,200
4/18/2019,DEBIT,PIAZZA'S FINE FOODS PALO ALTO,24427339107720018728438; 05411; 0715;,-9.99
4/16/2019,DEBIT,IN N OUT BURGER 129 MOUNTAIN V,24013399105002042380007; 05814; 0715;,-7.52
4/16/2019,DEBIT,76 - SEI 37997 PALO ALTO,24015179105002000848015; 05542; 0715;,-27.06
4/16/2019,DEBIT,CENTURY THEATRES 399 MOUNTAIN V,24692169105100641393465; 07832; 0715;,-11.75
4/15/2019,DEBIT,IN N OUT BURGER 129 MOUNTAIN V,24013399103001793180436; 05814; 0715;,-7.52
4/15/2019,DEBIT,PIAZZA'S FINE FOODS PALO ALTO,24427339102720019810511; 05411; 0715;,-9.99
4/15/2019,CREDIT,PAYMENT THANK YOU,INTERNET; 00000; 0715;,200
4/11/2019,DEBIT,PIAZZA'S FINE FOODS PALO ALTO,24427339100720018299064; 05411; 0715;,-8.99
4/10/2019,DEBIT,TACO BELL #28833 PALO ALTO,24431069099838002967635; 05814; 0715;,-9.9
4/10/2019,DEBIT,ATOM TICKETS LLC 310-627-2,24492159099715545557641; 07832; 0715;,-4
4/9/2019,DEBIT,CHIPOTLE 0801 MOUNTAIN V,24431069098200288400297; 05814; 0715;,-8.56
4/9/2019,DEBIT,AMZN MKTP US*MW4VE0UW0 AMZN.COM/,24431069098083308845067; 05942; 0715;,-8.99
4/9/2019,CREDIT,PAYMENT THANK YOU,INTERNET; 00000; 0715;,200
4/8/2019,DEBIT,SHC ONLINE PAYMENT PALO ALTO,24755429096170963936442; 08062; 0715;,-351.48
4/8/2019,DEBIT,0447 AMC MERCADO 20 SANTA CLA,24431069098018850737825; 07832; 0715;,-13.19
4/8/2019,DEBIT,CHIPOTLE 0801 MOUNTAIN V,24431069097200288401288; 05814; 0715;,-8.56
4/8/2019,DEBIT,TACO BELL #28833 PALO ALTO,24431069095838008792890; 05814; 0715;,-10.66
4/8/2019,DEBIT,76 - SEI 37997 PALO ALTO,24015179095000676939987; 05542; 0715;,-28.59
4/8/2019,DEBIT,IN N OUT BURGER 129 MOUNTAIN V,24013399095000660309862; 05814; 0715;,-10.41
4/8/2019,DEBIT,EA *ORIGIN.COM help.ea.c,24692169096100116701961; 05968; 0715;,-19.99
4/8/2019,CREDIT,PAYMENT THANK YOU,INTERNET; 00000; 0715;,300
4/8/2019,CREDIT,PAYMENT THANK YOU,INTERNET; 00000; 0715;,300
4/5/2019,DEBIT,AMERICAN 0012346482477 FORT WORT,24431069094978000833481; 03001; 0715;,-687.63
4/4/2019,DEBIT,SOUTHWES 5262459768931 800-435-9,24692169093100713627893; 03066; 0715;,-169.96
4/2/2019,CREDIT,PAYMENT THANK YOU,INTERNET; 00000; 0715;,100
4/1/2019,DEBIT,UBER HELP.UBER.,24492159089717873849139; 04121; 0715;,-22.43
4/1/2019,DEBIT,DELFINA RESTAURANT SAN FRANCI,24692169090100812021223; 05812; 0715;,-60
3/29/2019,DEBIT,0447 AMC MERCADO 20 SANTA CLA,24431069088018148199350; 07832; 0715;,-12.19
3/29/2019,DEBIT,IN N OUT BURGER 176 SANTA CLA,24013399087003748298529; 05814; 0715;,-7.96
3/29/2019,DEBIT,76 - SEI 37997 PALO ALTO,24015179087003726427029; 05542; 0715;,-29.8
3/28/2019,DEBIT,PIAZZA'S FINE FOODS PALO ALTO,24427339086720018133402; 05411; 0715;,-13.43
3/27/2019,DEBIT,SQ *BOBA GUYS PALO ALT Palo Alto,24692169086100177604221; 05812; 0715;,-4
3/26/2019,DEBIT,TEA TOP SANTA CLARA SANTA CLA,24091629084017034731454; 05499; 0715;,-11.99
3/26/2019,DEBIT,COSTCO WHSE #0143 MOUNTAIN V,24431069085898002315454; 05300; 0715;,-7.61
3/26/2019,CREDIT,PAYMENT THANK YOU,WEB FUTURE; 00000; 0715;,30
3/25/2019,DEBIT,LE BOULANGER SAN JOSE,24493989082698574787404; 05812; 0715;,-14.57
3/25/2019,DEBIT,COSTCO WHSE #0455 MORENO VAL,24431069082898002341701; 05300; 0715;,-1.62
3/22/2019,DEBIT,WALGREENS #3344 PALO ALTO,24445009081000683556274; 05912; 0715;,-19.06
3/21/2019,DEBIT,SHELL OIL 57444212906 SANTA CLA,24316059079548684054215; 05542; 0715;,-30.36
3/19/2019,DEBIT,AMZN Mktp US*MW1071FI2 Amzn.com/,24692169078100567880019; 05942; 0715;,-25.45
3/18/2019,CREDIT,PAYMENT THANK YOU,INTERNET; 00000; 0715;,200
3/15/2019,DEBIT,TACO BELL #28833 PALO ALTO,24431069073838008257072; 05814; 0715;,-7.61
3/14/2019,DEBIT,TACO BELL 30811 SANTA CLA,24431069072838009110412; 05814; 0715;,-4.13
3/14/2019,DEBIT,GROCERY OUTLET OF P PALO ALTO,24427339072720029200170; 05411; 0715;,-15.79
3/12/2019,DEBIT,AMC MERCADO 20 #0447 SANTA CLA,24610439070004031287583; 07832; 0715;,-13.19
3/12/2019,DEBIT,CHIPOTLE 0801 MOUNTAIN V,24431069070200288403095; 05814; 0715;,-17.11
3/12/2019,DEBIT,76 - SEI 37997 PALO ALTO,24015179070001441060157; 05542; 0715;,-32.48
3/11/2019,DEBIT,SQ *ZAREEN'S RESTAU PALO ALTO,24492159069854330602282; 05814; 0715;,-19.76
3/11/2019,DEBIT,SHANGHAI GARDEN CUPERTINO,24013399068001253034472; 05812; 0715;,-85.74
3/11/2019,CREDIT,PAYMENT THANK YOU,WEB FUTURE; 00000; 0715;,200
3/7/2019,DEBIT,MCDONALDS F16328 MOUNTAIN V,24427339065710045171199; 05814; 0715;,-10.02
3/5/2019,DEBIT,IN N OUT BURGER 129 MOUNTAIN V,24013399063000529784279; 05814; 0715;,-10.41
3/5/2019,DEBIT,NIKE.COM 800-806-6,24610439063004035108321; 05969; 0715;,-28.31
3/4/2019,DEBIT,SQ *BOBA GUYS PALO ALT Palo Alto,24692169061100888420700; 05812; 0715;,-6
3/4/2019,DEBIT,STEINS BEER GARDEN MOUNTAIN V,24013399062000431242110; 05812; 0715;,-30.89
3/4/2019,CREDIT,PAYMENT THANK YOU,INTERNET; 00000; 0715;,300
3/4/2019,CREDIT,PAYMENT THANK YOU,INTERNET; 00000; 0715;,250
2/28/2019,DEBIT,PIAZZA'S FINE FOODS PALO ALTO,24427339058720017116451; 05411; 0715;,-15.98
2/28/2019,DEBIT,GOOGLE *GOOGLE PLAY 650-253-0,24055239059083722488917; 05815; 0715;,-16.92
2/26/2019,DEBIT,AMC MERCADO 20 #0447 SANTA CLA,24610439056004031191585; 07832; 0715;,-13.19
2/26/2019,DEBIT,Amazon.com*MI9ES41V2 Amzn.com/b,24692169056100477798075; 05942; 0715;,-75.96
2/25/2019,DEBIT,IN N OUT BURGER 129 MOUNTAIN V,24013399054003130178627; 05814; 0715;,-10.41
2/25/2019,DEBIT,SQ *BOBA GUYS PALO PALO ALTO,24492159055854331502602; 05812; 0715;,-16
2/25/2019,DEBIT,GROCERY OUTLET OF P PALO ALTO,24427339054720030644939; 05411; 0715;,-5.98
2/25/2019,DEBIT,TAQUERIA EL GRULLENSE PALO ALTO,24801979055400492001955; 05812; 0715;,-21.62
2/25/2019,DEBIT,76 - SEI 37997 PALO ALTO,24015179055003274298952; 05542; 0715;,-39.47
2/25/2019,CREDIT,PAYMENT THANK YOU,INTERNET; 00000; 0715;,200
2/21/2019,DEBIT,SOUTHWES 5262441862316 800-435-9,24692169051100619046461; 03066; 0715;,-278.97
2/20/2019,DEBIT,IN N OUT BURGER 129 MOUNTAIN V,24013399050002581563927; 05814; 0715;,-7.09
2/19/2019,CREDIT,UNIQLO ECOMMERCE CARLSTADT,74435659048026233065012; 05651; 0715;,23.98
2/19/2019,DEBIT,AMERICAN 0012337598869 FORT WORT,24431069049978000692982; 03001; 0715;,-213.3
2/19/2019,DEBIT,SHAKE SHACK 1101 646-747-7,24692169049100978448550; 05814; 0715;,-8.8
2/19/2019,DEBIT,XIAN FAMOUS FOODS NEW YORK,24013399049002394499800; 05812; 0715;,-37.85
2/19/2019,DEBIT,MTA*METROCARD MACHINE NEW YORK,24692169049100846747597; 04111; 0715;,-5.5
2/19/2019,DEBIT,MTA*METROCARD MACHINE NEW YORK,24692169049100846909429; 04111; 0715;,-2
2/19/2019,DEBIT,GROCERY OUTLET OF P PALO ALTO,24427339049720029560425; 05411; 0715;,-5.38
2/19/2019,DEBIT,MCDONALD'S F32551 JAMAICA,24427339049720043109126; 05814; 0715;,-10.87
2/19/2019,DEBIT,AMER MUS NAT HIST TIX NEW YORK,24431069048081596855229; 08299; 0715;,-36
2/19/2019,DEBIT,WCS CPZ TKT KIOSK NEW YORK,24692169048100801795368; 07998; 0715;,-39.9
2/19/2019,DEBIT,MTA*METROCARD MACHINE NEW YORK,24692169048100120840135; 04111; 0715;,-10
2/19/2019,DEBIT,FRIEDMANS NEW YORK,24247609048500776497756; 05812; 0715;,-42
2/19/2019,DEBIT,UNIQLO NY 34TH ST #32 NEW YORK,24435659049091988000162; 05651; 0715;,-24.8
2/19/2019,DEBIT,GAMESTOP #1363 NEW YORK,24445009049000568917816; 07993; 0715;,-21.76
2/19/2019,DEBIT,UNIQLO ECOMMERCE 972-881-2,24435659048026200262019; 05651; 0715;,-114.21
2/19/2019,DEBIT,LYFT *RIDE FRI 4PM LYFT.COM,24492159046637397881628; 04121; 0715;,-52.93
2/15/2019,DEBIT,TACO BELL #28833 PALO ALTO,24431069045838001625213; 05814; 0715;,-9.13
2/15/2019,DEBIT,NOA* 800-255-3,24692169046100353570278; 05045; 0715;,-19.99
2/15/2019,DEBIT,NOA* 800-255-3,24692169046100353731656; 05045; 0715;,-19.99
2/15/2019,DEBIT,THE UPS STORE 4562 PALO ALTO,24692169046100169415023; 07399; 0715;,-6
2/15/2019,CREDIT,PAYMENT THANK YOU,INTERNET; 00000; 0715;,793.31
2/14/2019,DEBIT,SOGONG DONG TOFU HOUSE PALO ALTO,24707809044030034438049; 05812; 0715;,-68.5
2/13/2019,DEBIT,SQ *SHARETEA PALO A PALO ALTO,24492159044854280832913; 05499; 0715;,-4.9
2/12/2019,DEBIT,IN N OUT BURGER 129 MOUNTAIN V,24013399042001475725502; 05814; 0715;,-7.52
2/11/2019,DEBIT,76 - SEI 37997 PALO ALTO,24015179040001224544234; 05542; 0715;,-38.74
2/11/2019,DEBIT,AMC MERCADO 20 #0447 SANTA CLA,24610439041004027347413; 07832; 0715;,-12.19
2/11/2019,DEBIT,GROCERY OUTLET OF P PALO ALTO,24427339041720027668855; 05411; 0715;,-7.87
2/11/2019,CREDIT,PAYMENT THANK YOU,INTERNET; 00000; 0715;,514.88
2/8/2019,DEBIT,GROCERY OUTLET OF P PALO ALTO,24427339038720028723944; 05411; 0715;,-9.47
2/7/2019,DEBIT,TACO BELL #28833 PALO ALTO,24431069037838006014710; 05814; 0715;,-8.7
2/7/2019,DEBIT,IN N OUT BURGER 129 MOUNTAIN V,24013399037000783847617; 05814; 0715;,-14.44
2/4/2019,DEBIT,99 RANCH #1772 MOUNTAIN V,24427339033720039747333; 05411; 0715;,-8.61
2/4/2019,DEBIT,GROCERY OUTLET OF P PALO ALTO,24427339033720032421258; 05411; 0715;,-15.75
2/4/2019,DEBIT,MILK PAIL MARKET MOUNTAIN V,24428069034500871727846; 05411; 0715;,-9.08
2/4/2019,DEBIT,SHC ONLINE PAYMENT PALO ALTO,24755429034150345397930; 08062; 0715;,-238.23
2/4/2019,DEBIT,PATXIS - PALO ALTO PALO ALTO,24269799033001144736636; 05812; 0715;,-35.7
2/1/2019,DEBIT,GROCERY OUTLET OF P PALO ALTO,24427339031720028169525; 05411; 0715;,-10.15
1/30/2019,DEBIT,76 - SEI 37997 PALO ALTO,24015179029003908367804; 05542; 0715;,-32.7
1/28/2019,DEBIT,GROCERY OUTLET OF P PALO ALTO,24427339026720029812658; 05411; 0715;,-8.28
1/28/2019,DEBIT,PIAZZA'S FINE FOODS PALO ALTO,24427339027720016252636; 05411; 0715;,-19.98
1/25/2019,DEBIT,SAFEWAY #2948 MOUNTAIN V,24431069024975018620707; 05411; 0715;,-38.57
1/24/2019,DEBIT,76 - SEI 37997 PALO ALTO,24015179023003064935648; 05542; 0715;,-28.73
1/22/2019,DEBIT,CMR_1 SANTA??CLA,24275399021900015076060; 05812; 0715;,-35.81
1/22/2019,DEBIT,MIDTOWN HAIR STUDIO CO PALO ALTO,24270749021900012200060; 07230; 0715;,-21
1/22/2019,DEBIT,CHEZTAKOS MOUNTAIN V,24707809021030031271085; 05814; 0715;,-6.79
1/22/2019,DEBIT,TACO BELL #28833 PALO ALTO,24431069019838006505362; 05814; 0715;,-9.13
1/22/2019,DEBIT,MOLLY MAGEES MOUNTAIN V,24489939019100524652902; 05813; 0715;,-70
1/22/2019,DEBIT,SQ *SALT & STRAW PALO ALTO,24492159020740221758929; 05812; 0715;,-5.5
1/22/2019,DEBIT,85C BAKERY CAFE USA SAN JOSE,24231689020400109000744; 05814; 0715;,-15.03
1/18/2019,DEBIT,CMR_1 SANTA??CLA,24275399017900014669648; 05812; 0715;,-11.94
1/16/2019,DEBIT,CMR_1 SANTA??CLA,24275399015900014465924; 05812; 0715;,-11.94
1/15/2019,DEBIT,MCDONALDS F3094 PALO ALTO,24427339014710023356582; 05814; 0715;,-9.98
1/15/2019,DEBIT,SQ *HONEYBERRY SANTA CLA,24492159014740203772680; 05812; 0715;,-10.88
1/15/2019,DEBIT,TEA TOP SANTA CLARA SANTA CLA,24091629014017030535730; 05499; 0715;,-16.19
1/14/2019,DEBIT,MCDONALDS F16328 MOUNTAIN V,24427339012710051430392; 05814; 0715;,-12.49
1/14/2019,DEBIT,WALGREENS #3344 PALO ALTO,24445009014000540192372; 05912; 0715;,-7.62
1/14/2019,DEBIT,76 - SEI 37997 PALO ALTO,24015179013001747099115; 05542; 0715;,-34.46
1/14/2019,DEBIT,FGTBEYONDSOCAL 512-389-0,24492159011717879675739; 07299; 0715;,-154.94
1/11/2019,DEBIT,CAFE FALAFEL SANTA CLA,24431069011400699000082; 05812; 0715;,-9.76
1/9/2019,DEBIT,PIZZA MY HEART - GREAT SANTA CLA,24269799008500542515873; 05812; 0715;,-11.45
1/9/2019,CREDIT,PAYMENT THANK YOU,INTERNET; 00000; 0715;,479.69
1/7/2019,DEBIT,FERIDE'S BAKERY SANTA CLA,24431069006400900000100; 05462; 0715;,-3.27
1/7/2019,DEBIT,SQ *1 OZ COFFEE LL SUNNYVALE,24492159005740301104753; 05814; 0715;,-3.54
1/7/2019,DEBIT,IN N OUT BURGER 129 MOUNTAIN V,24013399006000773153023; 05814; 0715;,-12.04
1/7/2019,DEBIT,HAPPY LEMON CUPERTINO,24013399006000797384976; 05812; 0715;,-5.25
1/7/2019,DEBIT,SOUTHWES 5262423455403 800-435-9,24692169004100172811630; 03066; 0715;,-97.96
1/7/2019,DEBIT,SHELL OIL 57444212906 SANTA CLA,24316059004548641031025; 05542; 0715;,-33.21
1/4/2019,DEBIT,CAFE FALAFEL SANTA CLA,24431069004400692000112; 05812; 0715;,-9.76
1/3/2019,DEBIT,STEAMGAMES.COM 425-889-9,24224439003101003010942; 05816; 0715;,-22.49
1/2/2019,DEBIT,PHO TRAN VU MOUNTAIN V,24493989002207759900787; 05814; 0715;,-52.42
1/2/2019,DEBIT,SAFEWAY #2948 MOUNTAIN V,24431068365975013520307; 05411; 0715;,-18.18
1/2/2019,DEBIT,MILK PAIL MARKET MOUNTAIN V,24428068365500742381501; 05411; 0715;,-2.71
12/31/2018,DEBIT,NIKE.COM 800-806-6,24610438363004040358209; 05969; 0715;,-27.23
12/31/2018,DEBIT,TEA TOP SANTA CLARA SANTA CLA,24091628364017037135383; 05499; 0715;,-10.79
12/31/2018,DEBIT,IN N OUT BURGER 129 MOUNTAIN V,24013398364004072871895; 05814; 0715;,-11.88
12/31/2018,DEBIT,NOLA PALO ALTO,24493988364400191117987; 05812; 0715;,-12.9
12/31/2018,DEBIT,GROCERY OUTLET OF P PALO ALTO,24427338364720027586371; 05411; 0715;,-4.99
12/31/2018,DEBIT,TAQUERIA EL GRULLENSE PALO ALTO,24801978365400498000701; 05812; 0715;,-8.07
12/31/2018,DEBIT,SPROUTS FARMERS MAR MOUNTAIN V,24427338362710026322318; 05411; 0715;,-8.94
12/31/2018,DEBIT,SAFEWAY #2948 MOUNTAIN V,24431068362975013370474; 05411; 0715;,-6.98
12/27/2018,DEBIT,76 - SEI 37997 PALO ALTO,24015178360003555113054; 05542; 0715;,-26.13
12/26/2018,DEBIT,85C BAKERY CAFE USA SAN JOSE,24231688359400101001842; 05814; 0715;,-10.46
12/26/2018,DEBIT,SAFEWAY #2948 MOUNTAIN V,24431068358975013121204; 05411; 0715;,-5.99
12/26/2018,DEBIT,H MART DE ANZA LLC SAN JOSE,24137468359001449935162; 05411; 0715;,-82.88
12/26/2018,DEBIT,UNIQLO VALLEY FAIR #42 SANTA CLA,24435658359091577000199; 05651; 0715;,-16.28
12/24/2018,DEBIT,SQ *TEASPOON SNOW C LOS ALTOS,24492158357740297246465; 05814; 0715;,-4.75
12/24/2018,DEBIT,TEA TOP SANTA CLARA SANTA CLA,24091628357017044936723; 05499; 0715;,-13.48
12/24/2018,DEBIT,NEW PORT RESTAURANT SUNNYVALE,24122478357900012601820; 05812; 0715;,-92.65
12/24/2018,DEBIT,ARAMARK SAP CENTER SAN JOSE,24755428357173579243993; 05814; 0715;,-10.25
12/21/2018,DEBIT,IGUANAS SANTA CLARA SANTA CLA,24013398354002723332681; 05812; 0715;,-12.26
12/21/2018,DEBIT,MCDONALD'S F5461 SANTA CLA,24427338354710028293640; 05814; 0715;,-8.71
12/21/2018,DEBIT,PIAZZA'S FINE FOODS PALO ALTO,24427338354720019752488; 05411; 0715;,-12.98
12/21/2018,DEBIT,76 - SEI 37997 PALO ALTO,24015178354002755082257; 05542; 0715;,-28.1
12/21/2018,CREDIT,PAYMENT THANK YOU,INTERNET; 00000; 0715;,479.69
12/18/2018,DEBIT,COUNTER MOUNTAIN VIEW MOUNTAIN V,24765018351200161356058; 05812; 0715;,-27.57
12/18/2018,DEBIT,CAFE FALAFEL SANTA CLA,24431068352400696000191; 05812; 0715;,-9.76
12/17/2018,DEBIT,IN N OUT BURGER 176 SANTA CLA,24013398349002091693589; 05814; 0715;,-7.3
12/17/2018,DEBIT,BEST BUY 00010454 MOUNTAIN V,24399008350295002095382; 05732; 0715;,-49.03
12/13/2018,DEBIT,CALSTATEAPPLY 857-30420,24755428347153472405736; 09399; 0715;,-55
12/12/2018,DEBIT,SHELL OIL 57444212906 SANTA CLA,24316058345548642057268; 05542; 0715;,-36.57
12/11/2018,DEBIT,LYFT *RIDE SUN 7AM LYFT.COM,24492158344637412849619; 04121; 0715;,-19.25
12/11/2018,CREDIT,PAYMENT THANK YOU,INTERNET; 00000; 0715;,500
12/10/2018,DEBIT,LYFT *RIDE FRI 5PM LYFT.COM,24492158342637287896796; 04121; 0715;,-4.19
12/10/2018,DEBIT,IN N OUT BURGER 119 LOS ANGEL,24013398342001140297647; 05814; 0715;,-8.87
12/10/2018,DEBIT,SAFEWAY #1682 PALO ALTO,24431068342975014650143; 05411; 0715;,-20.91
12/10/2018,DEBIT,LYFT *RIDE SAT 10AM LYFT.COM,24492158342637322157519; 04121; 0715;,-3.67
12/10/2018,DEBIT,GONG CHA - WILSHIRE LOS ANGEL,24269798344001022693053; 05812; 0715;,-5.25
12/10/2018,DEBIT,LYFT *RIDE SUN 3AM LYFT.COM,24492158343637359078108; 04121; 0715;,-3.49
12/10/2018,DEBIT,LYFT *RIDE FRI 2PM LYFT.COM,24492158342637286142739; 04121; 0715;,-17.3
12/7/2018,CREDIT,PAYMENT THANK YOU,INTERNET; 00000; 0715;,500
12/6/2018,CREDIT,PAYMENT THANK YOU,INTERNET; 00000; 0715;,500
12/4/2018,DEBIT,CAFE FALAFEL SANTA CLA,24431068338400692000269; 05812; 0715;,-10
12/3/2018,DEBIT,AMC MERCADO 20 #0447 SANTA CLA,24610438336004036299478; 07832; 0715;,-13.19
12/3/2018,DEBIT,AMC MERCADO 20 #0447 SANTA CLA,24610438336004036299502; 07832; 0715;,-13.19
12/3/2018,DEBIT,PIZZA MY HEART - UNIVE PALO ALTO,24269798335100299619675; 05812; 0715;,-10.5
12/3/2018,DEBIT,MCDONALDS F3094 PALO ALTO,24427338336710051622148; 05814; 0715;,-10.44
12/3/2018,CREDIT,PAYMENT THANK YOU,INTERNET; 00000; 0715;,500.29
12/3/2018,CREDIT,PAYMENT THANK YOU,INTERNET; 00000; 0715;,30
11/30/2018,DEBIT,TACO BELL #28833 PALO ALTO,24431068333838007125989; 05814; 0715;,-8.48
11/29/2018,DEBIT,STUBHUB INC. 866-788-2,24492158333713206181130; 07922; 0715;,-87.22
11/29/2018,DEBIT,Amazon.com*M02ZA4E92 Amzn.com/b,24692168333100552679304; 05942; 0715;,-119.89
11/29/2018,DEBIT,Adidas_US 178-14015,24204298333000053043925; 05655; 0715;,-83.93
11/28/2018,DEBIT,CAFE FALAFEL SANTA CLA,24431068332400697000120; 05812; 0715;,-9.76
11/28/2018,DEBIT,76 - SEI 37997 PALO ALTO,24015178331005275395529; 05542; 0715;,-35.16
11/27/2018,DEBIT,ALASKA AI0272111428821 SEATTLE,24431068330824508758141; 03256; 0715;,-303.41
11/27/2018,DEBIT,CAFE FALAFEL SANTA CLA,24431068331400696000098; 05812; 0715;,-9.76
11/27/2018,DEBIT,ABC SEAFOOD RESTAURANT FOSTER CI,24270748330900012000682; 05812; 0715;,-567.85
11/26/2018,DEBIT,IN N OUT BURGER 129 MOUNTAIN V,24013398329004995745253; 05814; 0715;,-9.97
11/26/2018,DEBIT,TAQUERIA EL GRULLENSE PALO ALTO,24801978330400494001481; 05812; 0715;,-12.38
11/26/2018,DEBIT,PHO TRAN VU MOUNTAIN V,24493988328207759300649; 05814; 0715;,-64.51
11/23/2018,DEBIT,TACO BELL #28833 PALO ALTO,24431068326838006225029; 05814; 0715;,-8.48
11/23/2018,DEBIT,FRY'S ELECTRONICS #3 PALO ALTO,24492158326769080979246; 05732; 0715;,-260.5
11/23/2018,DEBIT,SHARETEA SUNNYVALE,24801978326034712546542; 05999; 0715;,-9.81
11/23/2018,DEBIT,7942 OSHMAN FAMILY JEW PALO ALTO,24910168325009296497715; 07997; 0715;,-25
11/20/2018,DEBIT,SAFEWAY #2948 MOUNTAIN V,24431068323975013860456; 05411; 0715;,-19.59
11/19/2018,DEBIT,AMC MERCADO 20 #0447 SANTA CLA,24610438322004035479226; 07832; 0715;,-26.38
11/19/2018,DEBIT,IN N OUT BURGER 129 MOUNTAIN V,24013398322003999527524; 05814; 0715;,-11.01
11/19/2018,DEBIT,GROCERY OUTLET OF P PALO ALTO,24427338322720030045200; 05411; 0715;,-1.99
11/19/2018,DEBIT,MILK PAIL MARKET MOUNTAIN V,24224438323101056383373; 05411; 0715;,-1.57
11/19/2018,DEBIT,PIAZZA'S FINE FOODS PALO ALTO,24427338320720019950927; 05411; 0715;,-6.99
11/19/2018,DEBIT,76 - SEI 37997 PALO ALTO,24015178320003629164835; 05542; 0715;,-37.9
11/16/2018,DEBIT,CAFE FALAFEL SANTA CLA,24431068320400695000126; 05812; 0715;,-9.76
11/15/2018,DEBIT,TACO BELL #28833 PALO ALTO,24431068318838009214871; 05814; 0715;,-8.48
11/15/2018,DEBIT,STATE OF CALIF DMV INT 800-77701,24755428318163181978761; 09399; 0715;,-155
11/15/2018,DEBIT,PIAZZA'S FINE FOODS PALO ALTO,24427338318720018348093; 05411; 0715;,-8.99
11/13/2018,DEBIT,WALGREENS #3344 PALO ALTO,24445008317000648481533; 05912; 0715;,-7.38
11/13/2018,DEBIT,PIZZA MY HEART - UNIVE PALO ALTO,24269798315600122648878; 05812; 0715;,-10
11/13/2018,DEBIT,TST* OLD PRO PALO ALTO,24445008314500116863396; 05812; 0715;,-34
11/13/2018,DEBIT,TEA TOP SANTA CLARA SANTA CLA,24091628315017038380376; 05499; 0715;,-5.18
11/13/2018,DEBIT,IN N OUT BURGER 129 MOUNTAIN V,24013398315002408355260; 05814; 0715;,-9.37
11/13/2018,DEBIT,SAFEWAY #2948 MOUNTAIN V,24431068315975013773923; 05411; 0715;,-34.8
11/8/2018,DEBIT,TACO BELL #28833 PALO ALTO,24431068311838001167660; 05814; 0715;,-8.48
11/8/2018,DEBIT,PIAZZA'S FINE FOODS PALO ALTO,24427338311720017341021; 05411; 0715;,-13.03
11/8/2018,DEBIT,AMAZON.COM*M821088E1 A AMZN.COM/,24431068312083722657769; 05942; 0715;,-22.89
11/7/2018,DEBIT,Amazon.com*M87ER3HJ0 Amzn.com/b,24692168310100451039789; 05942; 0715;,-9.25
11/6/2018,DEBIT,76 - SEI 37997 PALO ALTO,24015178309000956614676; 05542; 0715;,-37.69
11/5/2018,DEBIT,TAQUERIA EL GRULLENSE PALO ALTO,24801978308400492001440; 05812; 0715;,-12.58
11/5/2018,DEBIT,UNIQLO VALLEY FAIR #42 SANTA CLA,24435658309091529000173; 05651; 0715;,-76.26
11/5/2018,DEBIT,TAQUERIA EL GRULLENSE PALO ALTO,24801978309400493001232; 05812; 0715;,-12.1
11/5/2018,CREDIT,PAYMENT THANK YOU,WEB FUTURE; 00000; 0715;,244.96
10/30/2018,DEBIT,PIAZZA'S FINE FOODS PALO ALTO,24427338302720017461622; 05411; 0715;,-10.08
10/22/2018,DEBIT,GOOGLE*TOMMO INC G.CO HELPP,24013088294040691449939; 05816; 0715;,-4.99
10/22/2018,DEBIT,GOOGLE *Tommo Inc g.co/helpp,24692168293100639446642; 05734; 0715;,-4.99
10/22/2018,DEBIT,GOOGLE *Tommo Inc g.co/helpp,24692168293100639653999; 05734; 0715;,-4.99
10/11/2018,DEBIT,AMIDRON PALO ALTO PALO ALTO,24427338283120005206290; 05542; 0715;,-26.25
10/11/2018,DEBIT,PIAZZA'S FINE FOODS PALO ALTO,24427338283720018021030; 05411; 0715;,-35.96
10/10/2018,DEBIT,SAFEWAY #1682 PALO ALTO,24431068282975016410944; 05411; 0715;,-16.9
10/9/2018,DEBIT,TAQUERIA EL GRULLENSE PALO ALTO,24801978280400494001879; 05812; 0715;,-26.49
10/9/2018,DEBIT,STEAMGAMES.COM 425-889-9,24224438280105000943779; 05816; 0715;,-47.99
10/9/2018,DEBIT,SHANGHAI GARDEN CUPERTINO,24013398280001481177527; 05812; 0715;,-72.8
10/3/2018,DEBIT,TACO BELL #28833 PALO ALTO,24431068275838001906889; 05814; 0715;,-8.48
10/1/2018,DEBIT,TAQUERIA EL GRULLENSE PALO ALTO,24801978273400497000539; 05812; 0715;,-10.09
10/1/2018,CREDIT,PAYMENT THANK YOU,INTERNET; 00000; 0715;,192.83
9/25/2018,DEBIT,BENNYS TACOS SANTA MON 318-45102,24453448267132201532811; 05812; 0715;,-9.77
9/24/2018,DEBIT,NORMS LA CIENEGA 2050 W HOLLYWO,24269798267600048175699; 05812; 0715;,-72.02
9/24/2018,DEBIT,NORMS LA CIENEGA 2050 W HOLLYWO,24269798267600048175772; 05812; 0715;,-20.9
9/24/2018,DEBIT,COCO FRESH TEA & JUICE LOS ANGEL,24493988267206516600997; 05814; 0715;,-5.5
9/24/2018,DEBIT,JESSES CAMARONES LOS ANGEL,24755428264292644738886; 05812; 0715;,-27
9/24/2018,DEBIT,ADIDAS ONLINE STORE 971-234-4,24431058264083770570087; 05655; 0715;,-45.79
9/19/2018,CREDIT,PAYMENT THANK YOU,INTERNET; 00000; 0715;,1252.44
9/18/2018,DEBIT,L & L HAWAIIAN BARBECU PALO ALTO,24207858260165301211437; 05812; 0715;,-11.85
9/17/2018,DEBIT,AMIDRON PALO ALTO PALO ALTO,24427338257120005777946; 05542; 0715;,-33.77
9/14/2018,DEBIT,IGUANAS SANTA CLARA SANTA CLA,24013398256002566364048; 05812; 0715;,-9.27
9/10/2018,DEBIT,IN N OUT BURGER 129 MOUNTAIN V,24013398252001828194700; 05814; 0715;,-10.63
9/10/2018,DEBIT,STEAMGAMES.COM 425-889-9,24224438253101003835115; 05816; 0715;,-7.02
9/10/2018,DEBIT,AMIDRON PALO ALTO PALO ALTO,24427338250120005545274; 05542; 0715;,-21.66
9/6/2018,DEBIT,SHC ONLINE PAYMENT PALO ALTO,24755428248162482533890; 08062; 0715;,-104.31
9/6/2018,DEBIT,SHC ONLINE PAYMENT PALO ALTO,24755428248162482533973; 08062; 0715;,-82.35
9/6/2018,DEBIT,SHC ONLINE PAYMENT PALO ALTO,24755428248162482534500; 08062; 0715;,-992.05
9/6/2018,CREDIT,PAYMENT THANK YOU,INTERNET; 00000; 0715;,336.65
9/5/2018,DEBIT,GROCERY OUTLET OF P PALO ALTO,24427338247720030331131; 05411; 0715;,-1.89
9/5/2018,DEBIT,PIAZZA'S FINE FOODS PALO ALTO,24427338247720018046081; 05411; 0715;,-9.99
9/5/2018,CREDIT,PAYMENT THANK YOU,INTERNET; 00000; 0715;,336.65
9/4/2018,DEBIT,BR FACTORY.COM 2624 844-273-7,24789308246933300042496; 05651; 0715;,-35.41
9/4/2018,DEBIT,TAQUERIA EL GRULLENSE PALO ALTO,24801978247400491001262; 05812; 0715;,-17.05
9/4/2018,DEBIT,Steamgames.com42595229 425-95229,24906418246059942175547; 07994; 0715;,-9.99
9/4/2018,DEBIT,IGUANAS SANTA CLARA SANTA CLA,24013398244000110136420; 05812; 0715;,-8.18
9/4/2018,DEBIT,H MART DE ANZA LLC SAN JOSE,24224438245101040308788; 05411; 0715;,-76.66
8/31/2018,DEBIT,PAYPAL *ELEPHANTNAT 402935773,74284488242834476160261; 07999; 0715;,-380.18
8/31/2018,DEBIT,FRGN TRANS FEE-PAYPAL *ELEPHANTN,74284488242834476160261; 00000; 0715;,-3.8
8/30/2018,DEBIT,IGUANAS SANTA CLARA SANTA CLA,24013398241006230020090; 05812; 0715;,-8.72
8/30/2018,DEBIT,AMIDRON PALO ALTO PALO ALTO,24427338241120005482165; 05542; 0715;,-34.41
8/27/2018,DEBIT,IN N OUT BURGER 129 MOUNTAIN V,24013398237005518357337; 05814; 0715;,-10.25
8/27/2018,DEBIT,SHELL OIL 57444213904 MOUNTAIN V,24316058238548713032752; 05542; 0715;,-27.84
8/27/2018,DEBIT,RAMEN NAGI PALO ALTO,24342858236017048849226; 05812; 0715;,-40.31
8/22/2018,CREDIT,PAYMENT THANK YOU,INTERNET; 00000; 0715;,524.99
8/21/2018,DEBIT,IN *CHARLESTON PLAZA H MOUNTAIN,24692168232100001650056; 05814; 0715;,-18.2
8/21/2018,DEBIT,IN *CHARLESTON PLAZA H MOUNTAIN,24692168232100001652029; 05814; 0715;,-20.38
8/20/2018,DEBIT,GREAT INDIAN CUISINE SANTA CLA,24431068230091979000368; 05812; 0715;,-13.07
8/20/2018,DEBIT,THE SPORTS PAGE INC MOUNTAIN V,24431068231400509002993; 05813; 0715;,-20
8/20/2018,DEBIT,IN N OUT BURGER 129 MOUNTAIN V,24013398230003964167547; 05814; 0715;,-9.59
8/20/2018,DEBIT,TEA ERA CAFE 408-99698,24100858231900012771897; 05812; 0715;,-8.18
8/20/2018,DEBIT,ATI HOLDINGS LLC 630-29622,24755428231162319952163; 08099; 0715;,-22.33
8/20/2018,DEBIT,SHC ONLINE PAYMENT PALO ALTO,24755428231152316470616; 08062; 0715;,-68.41
8/20/2018,DEBIT,IGUANAS SANTA CLARA SANTA CLA,24013398229003638268294; 05812; 0715;,-8.18
8/14/2018,DEBIT,Chef Zhao Bistro MOUNTAIN V,24426298225030031647300; 05812; 0715;,-75.07
8/14/2018,DEBIT,CHIPOTLE 0801 MOUNTAIN V,24431068225200288400337; 05814; 0715;,-17.11
8/13/2018,DEBIT,AMC MERCADO 20 #0447 SANTA CLA,24610438224004035496849; 07832; 0715;,-8.58
8/13/2018,DEBIT,IN N OUT BURGER 176 SANTA CLA,24013398223002325032050; 05814; 0715;,-8.67
8/10/2018,DEBIT,AZEEM K LAKHA DMD APC PALO ALTO,24013398221001749334094; 08021; 0715;,-100
8/9/2018,DEBIT,GROCERY OUTLET OF P PALO ALTO,24427338220720031474147; 05411; 0715;,-1.89
8/9/2018,DEBIT,CAFE SALINA MILLBRAE,24717058221132219025448; 05812; 0715;,-60.85
8/8/2018,CREDIT,PAYMENT THANK YOU,INTERNET; 00000; 0715;,2095.66
8/7/2018,DEBIT,WHITINGS FOOD SANTA CRU,24497788218900019720092; 05812; 0715;,-11.98
8/7/2018,DEBIT,CALTRAIN 1016 PALO ALT PALO ALTO,24431068218073000036690; 04111; 0715;,-12
8/7/2018,DEBIT,DOLPHINRESTAURANT SANTACRUZ,24275398218900012614132; 05812; 0715;,-25.38
8/7/2018,DEBIT,AMZN Mktp US Amzn.com/b,24692168218100390156986; 05942; 0715;,-7.5
8/7/2018,DEBIT,TST* TAIWAN SHIHLIN ST MILPITAS,24445008218100125443582; 05812; 0715;,-7.62
8/6/2018,DEBIT,GET FRIED LRRK LLC SANTA CLA,24690298215030027047698; 05814; 0715;,-8.38
